{
  "contract_id": "S9_MASTER_GENERIC",
  "style_preset": "Unknown",
  "targets": {
    "target_lufs_integrated": -11.0,
    "target_lra_min": 5.0,
    "target_lra_max": 10.0,
    "target_ceiling_dbtp": -1.0,
    "target_ms_width_factor": 1.0,
    "max_limiter_gain_reduction_db": 4.0,
    "max_stereo_width_change_percent": 10.0
  },
  "pre": {
    "true_peak_dbtp": -8.596052933257228,
    "lufs_integrated": -34.46615219116211,
    "lra": 15.439786911010742
  },
  "post_limiter": {
    "true_peak_dbtp": -1.0000002900227403,
    "lufs_integrated": -22.878597259521484,
    "lra": 15.436690330505371,
    "limiter_gr_db": 4.0000004753904514,
    "pre_gain_db": 11.596052933257228
  },
  "post_final": {
    "true_peak_dbtp": -1.0000002900227403,
    "lufs_integrated": -22.878597259521484,
    "lra": 15.436690330505371,
    "width_ratio_pre": 0.09591722746007915,
    "width_ratio_post": 0.09591722746007915,
    "width_factor_applied": 1.0
  }
}