{
  "contract_id": "S7_MIXBUS_TONAL_BALANCE",
  "style_preset": "Unknown",
  "max_tonal_balance_error_db": 3.0,
  "max_eq_change_db_per_band_per_pass": 1.5,
  "pre": {
    "band_db": {
      "sub": 9.411503557352907,
      "bass": 44.299901345842166,
      "low_mid": 54.138024243291724,
      "mid": 50.64257295344198,
      "high_mid": 40.89911890652391,
      "presence": 29.119245015588664,
      "air": 20.377907349751258,
      "ultra_air": 6.267890607454567
    },
    "error_rms_db": 37.408294677734375
  },
  "post": {
    "band_db": {
      "sub": 7.911502149719789,
      "bass": 42.79990044668732,
      "low_mid": 52.63802329920345,
      "mid": 49.142572023102005,
      "high_mid": 39.39911800251072,
      "presence": 27.619244081345347,
      "air": 18.8779064379577,
      "ultra_air": 4.767889643392285
    },
    "error_rms_db": 36.054779052734375
  },
  "target_band_db": {
    "sub": -4.0,
    "bass": -2.0,
    "low_mid": 0.0,
    "mid": 0.0,
    "high_mid": -1.0,
    "presence": -2.0,
    "air": -3.0,
    "ultra_air": -4.0
  },
  "eq_gains_db": {
    "sub": -1.5,
    "bass": -1.5,
    "low_mid": -1.5,
    "mid": -1.5,
    "high_mid": -1.5,
    "presence": -1.5,
    "air": -1.5,
    "ultra_air": -1.5
  }
}